variant,total,backtracking_count,backtracking_rate,accuracy
baseline_think_newline,1200,850,0.7083333333333334,0.21583333333333332
think_same_line,1200,818,0.6816666666666666,0.1971595655806182
no_think_tags,1200,784,0.6533333333333333,0.1848101265822785
